city_name,city_code,region,sector_name,delivery_delay,delivery_price,return_price,delivery_driver_price
CASABLANCA VILLE,CASV,CASABLANCA-SETTAT,CASA - AIN CHOK,24H,35.00,0.00,0.00
CASABLANCA VILLE,CASV,CASABLANCA-SETTAT,CASA - SIDI MAAROUF,24H,35.00,0.00,0.00
CASABLANCA VILLE,CASV,CASABLANCA-SETTAT,CASA - AIN SEBAA,24H,35.00,0.00,0.00
CASABLANCA VILLE,CASV,CASABLANCA-SETTAT,CASA - ROCHES NOIRES,24H,35.00,0.00,0.00
CASABLANCA VILLE,CASV,CASABLANCA-SETTAT,CASA - SIDI MOUMEN,24H,35.00,0.00,0.00
CASABLANCA VILLE,CASV,CASABLANCA-SETTAT,CASA - HAY MOHAMMADI,24H,35.00,0.00,0.00
CASABLANCA VILLE,CASV,CASABLANCA-SETTAT,CASA - SIDI BERNOUSSI,24H,35.00,0.00,0.00
CASABLANCA VILLE,CASV,CASABLANCA-SETTAT,CASA - ANASSI,24H,35.00,0.00,0.00
CASABLANCA VILLE,CASV,CASABLANCA-SETTAT,CASA - BEN M'SICK,24H,35.00,0.00,0.00
CASABLANCA VILLE,CASV,CASABLANCA-SETTAT,CASA - MOULAY RACHID,24H,35.00,0.00,0.00
CASABLANCA VILLE,CASV,CASABLANCA-SETTAT,CASA - SIDI OTHMANE,24H,35.00,0.00,0.00
CASABLANCA VILLE,CASV,CASABLANCA-SETTAT,CASA - AIN DIAB,24H,35.00,0.00,0.00
CASABLANCA VILLE,CASV,CASABLANCA-SETTAT,CASA - BOURGOGNE,24H,35.00,0.00,0.00
CASABLANCA VILLE,CASV,CASABLANCA-SETTAT,CASA - SIDI BELYOUT,24H,35.00,0.00,0.00
CASABLANCA VILLE,CASV,CASABLANCA-SETTAT,CASA - MERS SULTAN,24H,35.00,0.00,0.00
CASABLANCA VILLE,CASV,CASABLANCA-SETTAT,CASA - ABDELMOUMEN,24H,35.00,0.00,0.00
CASABLANCA VILLE,CASV,CASABLANCA-SETTAT,CASA - EMILE ZOLA,24H,35.00,0.00,0.00
CASABLANCA VILLE,CASV,CASABLANCA-SETTAT,CASA - HABOUS,24H,35.00,0.00,0.00
CASABLANCA VILLE,CASV,CASABLANCA-SETTAT,CASA - LA GIRONDE,24H,35.00,0.00,0.00
CASABLANCA VILLE,CASV,CASABLANCA-SETTAT,CASA - EL FIDA,24H,35.00,0.00,0.00
CASABLANCA VILLE,CASV,CASABLANCA-SETTAT,CASA - HAY HASSANI,24H,35.00,0.00,0.00
CASABLANCA VILLE,CASV,CASABLANCA-SETTAT,CASA - OULFA,24H,35.00,0.00,0.00
CASABLANCA VILLE,CASV,CASABLANCA-SETTAT,CASA - LISSASFA,24H,35.00,0.00,0.00
CASABLANCA VILLE,CASV,CASABLANCA-SETTAT,CASA - OASIS,24H,35.00,0.00,0.00
CASABLANCA VILLE,CASV,CASABLANCA-SETTAT,CASA - ANFA,24H,35.00,0.00,0.00
CASABLANCA VILLE,CASV,CASABLANCA-SETTAT,CASA - DERB GHALLEF,24H,35.00,0.00,0.00
CASABLANCA VILLE,CASV,CASABLANCA-SETTAT,CASA - MAARIF,24H,35.00,0.00,0.00
CASABLANCA REGION,CASR,CASABLANCA-SETTAT,LAHRAOUYINE,24H,35.00,0.00,0.00
CASABLANCA REGION,CASR,CASABLANCA-SETTAT,TIT MELLIL,24H,35.00,0.00,0.00
CASABLANCA REGION,CASR,CASABLANCA-SETTAT,BIR JDID,24H,35.00,0.00,0.00
CASABLANCA REGION,CASR,CASABLANCA-SETTAT,EL MANSOURIA,24H,35.00,0.00,0.00
CASABLANCA REGION,CASR,CASABLANCA-SETTAT,MOHAMMEDIA,24H,35.00,0.00,0.00
CASABLANCA REGION,CASR,CASABLANCA-SETTAT,AIN HARROUDA,24H,35.00,0.00,0.00
CASABLANCA REGION,CASR,CASABLANCA-SETTAT,CHALLALATE,24H,35.00,0.00,0.00
CASABLANCA REGION,CASR,CASABLANCA-SETTAT,OULAD AZZOUZ,24H,35.00,0.00,0.00
CASABLANCA REGION,CASR,CASABLANCA-SETTAT,SIDI RAHAL PLAGE,24H,35.00,0.00,0.00
CASABLANCA REGION,CASR,CASABLANCA-SETTAT,DAR BOUAZZA,24H,35.00,0.00,0.00
CASABLANCA REGION,CASR,CASABLANCA-SETTAT,HED SOUALEM,24H,35.00,0.00,0.00
CASABLANCA REGION,CASR,CASABLANCA-SETTAT,DEROUA,24H,35.00,0.00,0.00
CASABLANCA REGION,CASR,CASABLANCA-SETTAT,NOUACEUR,24H,35.00,0.00,0.00
CASABLANCA REGION,CASR,CASABLANCA-SETTAT,BOUSKOURA,24H,35.00,0.00,0.00
CASABLANCA REGION,CASR,CASABLANCA-SETTAT,OULAD SALAH,24H,35.00,0.00,0.00
CASABLANCA REGION,CASR,CASABLANCA-SETTAT,AEROPORT MOHAMED V,24H,35.00,0.00,0.00
CASABLANCA REGION,CASR,CASABLANCA-SETTAT,MEDIOUNA,24H,35.00,0.00,0.00
CASABLANCA REGION,CASR,CASABLANCA-SETTAT,TAMARIS,24H,35.00,0.00,0.00
BERRECHID,BER,CASABLANCA-SETTAT,BERRECHID,24H,35.00,0.00,0.00
SETTAT,SET,CASABLANCA-SETTAT,SETTAT,24H,35.00,0.00,0.00
SETTAT REGION,SETR,CASABLANCA-SETTAT,OULAD MRAH,48H-72H,40.00,0.00,0.00
SETTAT REGION,SETR,CASABLANCA-SETTAT,BEN AHMED,48H-72H,40.00,0.00,0.00
SETTAT REGION,SETR,CASABLANCA-SETTAT,SIDI EL MEKKI,48H-72H,40.00,0.00,0.00
SETTAT REGION,SETR,CASABLANCA-SETTAT,EL GARA,48H-72H,40.00,0.00,0.00
SETTAT REGION,SETR,CASABLANCA-SETTAT,GUISSER,48H-72H,40.00,0.00,0.00
SETTAT REGION,SETR,CASABLANCA-SETTAT,FOUM OUDI,48H-72H,40.00,0.00,0.00
EL JADIDA,ELJ,CASABLANCA-SETTAT,EL JADIDA,24H,35.00,0.00,0.00
EL JADIDA VILLE,ELJV,CASABLANCA-SETTAT,EL JADIDA - CENTRE,24H,35.00,0.00,0.00
EL JADIDA VILLE,ELJV,CASABLANCA-SETTAT,EL JADIDA - MAZAGAN,24H,35.00,0.00,0.00
EL JADIDA VILLE,ELJV,CASABLANCA-SETTAT,EL JADIDA - HAY EL MATAR,24H,35.00,0.00,0.00
EL JADIDA VILLE,ELJV,CASABLANCA-SETTAT,EL JADIDA - HAY SALAM,24H,35.00,0.00,0.00
EL JADIDA VILLE,ELJV,CASABLANCA-SETTAT,EL JADIDA - HAY MOULAY ABDELLAH,24H,35.00,0.00,0.00
EL JADIDA VILLE,ELJV,CASABLANCA-SETTAT,EL JADIDA - ESAFAA,24H,35.00,0.00,0.00
EL JADIDA VILLE,ELJV,CASABLANCA-SETTAT,EL JADIDA - SIDI BOUZID,24H,35.00,0.00,0.00
EL JADIDA VILLE,ELJV,CASABLANCA-SETTAT,EL JADIDA - HAOUZIA,24H,35.00,0.00,0.00
EL JADIDA VILLE,ELJV,CASABLANCA-SETTAT,EL JADIDA - HAY AL QODS,24H,35.00,0.00,0.00
EL JADIDA VILLE,ELJV,CASABLANCA-SETTAT,EL JADIDA - HAY NOUR,24H,35.00,0.00,0.00
EL JADIDA VILLE,ELJV,CASABLANCA-SETTAT,EL JADIDA - HAY AL MANAR,24H,35.00,0.00,0.00
EL JADIDA REGION,ELJR,CASABLANCA-SETTAT,AZMMOUR,48H,40.00,0.00,0.00
EL JADIDA REGION,ELJR,CASABLANCA-SETTAT,OUALIDIA,48H,40.00,0.00,0.00
EL JADIDA REGION,ELJR,CASABLANCA-SETTAT,KHEMIS DES ZEMAMRA,48H,40.00,0.00,0.00
EL JADIDA REGION,ELJR,CASABLANCA-SETTAT,SIDI BENNOUR,48H,40.00,0.00,0.00
EL JADIDA REGION,ELJR,CASABLANCA-SETTAT,SIDI SMAIL,48H,40.00,0.00,0.00
EL JADIDA REGION,ELJR,CASABLANCA-SETTAT,SEBT BEN SASSI,48H,40.00,0.00,0.00
TANGER,TAN,TANGER-TETOUAN-AL HOCEIMA,TANGER,24H,35.00,0.00,0.00
TANGER VILLE,TANV,TANGER-TETOUAN-AL HOCEIMA,CENTRE VILLE,24H,35.00,0.00,0.00
TANGER VILLE,TANV,TANGER-TETOUAN-AL HOCEIMA,IBERIA,24H,35.00,0.00,0.00
TANGER VILLE,TANV,TANGER-TETOUAN-AL HOCEIMA,MALABATA,24H,35.00,0.00,0.00
TANGER VILLE,TANV,TANGER-TETOUAN-AL HOCEIMA,DRADEB,24H,35.00,0.00,0.00
TANGER VILLE,TANV,TANGER-TETOUAN-AL HOCEIMA,SIDI DRISS,24H,35.00,0.00,0.00
TANGER VILLE,TANV,TANGER-TETOUAN-AL HOCEIMA,COMPLEXE HASSANI,24H,35.00,0.00,0.00
TANGER VILLE,TANV,TANGER-TETOUAN-AL HOCEIMA,MGHOGHA,24H,35.00,0.00,0.00
TANGER VILLE,TANV,TANGER-TETOUAN-AL HOCEIMA,BNI MAKADA,24H,35.00,0.00,0.00
TANGER VILLE,TANV,TANGER-TETOUAN-AL HOCEIMA,MESSNANA,24H,35.00,0.00,0.00
TANGER VILLE,TANV,TANGER-TETOUAN-AL HOCEIMA,BRANESSE,24H,35.00,0.00,0.00
TANGER VILLE,TANV,TANGER-TETOUAN-AL HOCEIMA,BOUKHALEF,24H,35.00,0.00,0.00
TANGER VILLE,TANV,TANGER-TETOUAN-AL HOCEIMA,AL AOUAMA,24H,35.00,0.00,0.00
TANGER VILLE,TANV,TANGER-TETOUAN-AL HOCEIMA,GZENAYA,24H,35.00,0.00,0.00
TANGER REGION,TANR,TANGER-TETOUAN-AL HOCEIMA,ASSILAH,48H,40.00,0.00,0.00
TANGER REGION,TANR,TANGER-TETOUAN-AL HOCEIMA,LARACHE,48H,40.00,0.00,0.00
TANGER REGION,TANR,TANGER-TETOUAN-AL HOCEIMA,KHEMIS SAHEL,48H,40.00,0.00,0.00
TANGER REGION,TANR,TANGER-TETOUAN-AL HOCEIMA,KSAR EL KEBIR,48H,40.00,0.00,0.00
TANGER REGION,TANR,TANGER-TETOUAN-AL HOCEIMA,FNIDEQ,48H,40.00,0.00,0.00
TANGER REGION,TANR,TANGER-TETOUAN-AL HOCEIMA,MELLOUSSA,48H,40.00,0.00,0.00
TANGER REGION,TANR,TANGER-TETOUAN-AL HOCEIMA,KSAR SGHIR,48H,40.00,0.00,0.00
TANGER REGION,TANR,TANGER-TETOUAN-AL HOCEIMA,STEHAT,48H,40.00,0.00,0.00
TANGER REGION,TANR,TANGER-TETOUAN-AL HOCEIMA,CHEFCHAOUEN,48H,40.00,0.00,0.00
TANGER REGION,TANR,TANGER-TETOUAN-AL HOCEIMA,BAB BERRED,48H,40.00,0.00,0.00
TANGER REGION,TANR,TANGER-TETOUAN-AL HOCEIMA,BAB TAZA,48H,40.00,0.00,0.00
TANGER REGION,TANR,TANGER-TETOUAN-AL HOCEIMA,AZLA,48H,40.00,0.00,0.00
TANGER REGION,TANR,TANGER-TETOUAN-AL HOCEIMA,OUED LAOU,48H,40.00,0.00,0.00
TANGER REGION,TANR,TANGER-TETOUAN-AL HOCEIMA,MARTIL,48H,40.00,0.00,0.00
TANGER REGION,TANR,TANGER-TETOUAN-AL HOCEIMA,MDIQ,48H,40.00,0.00,0.00
TANGER REGION,TANR,TANGER-TETOUAN-AL HOCEIMA,TETOUAN,48H,40.00,0.00,0.00
TANGER REGION,TANR,TANGER-TETOUAN-AL HOCEIMA,AIN LAHCEN,48H,40.00,0.00,0.00
AL HOCEIMA,ALH,TANGER-TETOUAN-AL HOCEIMA,AL HOCEIMA,24H,40.00,0.00,0.00
AL HOCEIMA VILLE,ALHV,TANGER-TETOUAN-AL HOCEIMA,AL HOCEIMA - MIRADOR,24H,40.00,0.00,0.00
AL HOCEIMA VILLE,ALHV,TANGER-TETOUAN-AL HOCEIMA,AL HOCEIMA - BADES,24H,40.00,0.00,0.00
AL HOCEIMA VILLE,ALHV,TANGER-TETOUAN-AL HOCEIMA,AL HOCEIMA - SIDI MANSOUR,24H,40.00,0.00,0.00
AL HOCEIMA VILLE,ALHV,TANGER-TETOUAN-AL HOCEIMA,AL HOCEIMA - CALA BONITA,24H,40.00,0.00,0.00
AL HOCEIMA VILLE,ALHV,TANGER-TETOUAN-AL HOCEIMA,AL HOCEIM - BOUGIBAR,24H,40.00,0.00,0.00
AL HOCEIMA VILLE,ALHV,TANGER-TETOUAN-AL HOCEIMA,AL HOCEIMA - SIDI ABID,24H,40.00,0.00,0.00
AL HOCEIMA VILLE,ALHV,TANGER-TETOUAN-AL HOCEIMA,AL HOCEIMA - AL MARSA,24H,40.00,0.00,0.00
AL HOCEIMA VILLE,ALHV,TANGER-TETOUAN-AL HOCEIMA,AL HOCEIMA - BARRIO HADOU,24H,40.00,0.00,0.00
AL HOCEIMA VILLE,ALHV,TANGER-TETOUAN-AL HOCEIMA,AL HOCEIMA - HAY ELMANZAH,24H,40.00,0.00,0.00
AL HOCEIMA REGION,ALHR,TANGER-TETOUAN-AL HOCEIMA,IMZOUREN,48H-72H,45.00,0.00,0.00
AL HOCEIMA REGION,ALHR,TANGER-TETOUAN-AL HOCEIMA,BNI BOUAYACH,48H-72H,45.00,0.00,0.00
AL HOCEIMA REGION,ALHR,TANGER-TETOUAN-AL HOCEIMA,AJDIR,48H-72H,45.00,0.00,0.00
AL HOCEIMA REGION,ALHR,TANGER-TETOUAN-AL HOCEIMA,BOUKIDAN,48H-72H,45.00,0.00,0.00
AL HOCEIMA REGION,ALHR,TANGER-TETOUAN-AL HOCEIMA,TARGUIST,48H-72H,45.00,0.00,0.00
AL HOCEIMA REGION,ALHR,TANGER-TETOUAN-AL HOCEIMA,ISSAGUEN,48H-72H,45.00,0.00,0.00
AL HOCEIMA REGION,ALHR,TANGER-TETOUAN-AL HOCEIMA,BNI HADIFA,48H-72H,45.00,0.00,0.00
AL HOCEIMA REGION,ALHR,TANGER-TETOUAN-AL HOCEIMA,BENI ABDEELAH,48H-72H,45.00,0.00,0.00
AL HOCEIMA REGION,ALHR,TANGER-TETOUAN-AL HOCEIMA,TIZI OUASLI,48H-72H,45.00,0.00,0.00
AL HOCEIMA REGION,ALHR,TANGER-TETOUAN-AL HOCEIMA,AKNOUL,48H-72H,45.00,0.00,0.00
AGADIR,AGA,SOUSS-MASSA,AGADIR,24H,35.00,0.00,0.00
AGADIR VILLE,AGAV,SOUSS-MASSA,TALBORJT,24H,35.00,0.00,0.00
AGADIR VILLE,AGAV,SOUSS-MASSA,VILLE NOUVELLE,24H,35.00,0.00,0.00
AGADIR VILLE,AGAV,SOUSS-MASSA,DAKHLA AGADIR,24H,35.00,0.00,0.00
AGADIR VILLE,AGAV,SOUSS-MASSA,BENSERGAOU,24H,35.00,0.00,0.00
AGADIR VILLE,AGAV,SOUSS-MASSA,FOUNTY,24H,35.00,0.00,0.00
AGADIR VILLE,AGAV,SOUSS-MASSA,AIT SOUSS,24H,35.00,0.00,0.00
AGADIR VILLE,AGAV,SOUSS-MASSA,CHARAF,24H,35.00,0.00,0.00
AGADIR VILLE,AGAV,SOUSS-MASSA,RIAD ASSALAM,24H,35.00,0.00,0.00
AGADIR VILLE,AGAV,SOUSS-MASSA,EL HOUDA,24H,35.00,0.00,0.00
AGADIR VILLE,AGAV,SOUSS-MASSA,DOUAR AHLAKA,24H,35.00,0.00,0.00
AGADIR VILLE,AGAV,SOUSS-MASSA,HAY MOHAMMADI,24H,35.00,0.00,0.00
AGADIR VILLE,AGAV,SOUSS-MASSA,TASSILA,24H,35.00,0.00,0.00
AGADIR VILLE,AGAV,SOUSS-MASSA,TILILA,24H,35.00,0.00,0.00
AGADIR VILLE,AGAV,SOUSS-MASSA,AEREPORT AGADIR,24H,35.00,0.00,0.00
REGION AGADIR,REGA,SOUSS-MASSA,TAGHAZOUTE,48H-72H,45.00,0.00,0.00
REGION AGADIR,REGA,SOUSS-MASSA,TAMRAGHT,48H-72H,45.00,0.00,0.00
REGION AGADIR,REGA,SOUSS-MASSA,TADDARTE,48H-72H,45.00,0.00,0.00
REGION AGADIR,REGA,SOUSS-MASSA,TIKIOUINE,48H-72H,45.00,0.00,0.00
REGION AGADIR,REGA,SOUSS-MASSA,AOURIR,48H-72H,45.00,0.00,0.00
REGION AGADIR,REGA,SOUSS-MASSA,GUELMIM,48H-72H,45.00,0.00,0.00
REGION AGADIR,REGA,SOUSS-MASSA,TAROUDANT,48H-72H,45.00,0.00,0.00
REGION AGADIR,REGA,SOUSS-MASSA,AOULOUZ,48H-72H,45.00,0.00,0.00
REGION AGADIR,REGA,SOUSS-MASSA,AIT IAAZA,48H-72H,45.00,0.00,0.00
REGION AGADIR,REGA,SOUSS-MASSA,NOUARA,48H-72H,45.00,0.00,0.00
REGION AGADIR,REGA,SOUSS-MASSA,OULAD TEIMA,48H-72H,45.00,0.00,0.00
REGION AGADIR,REGA,SOUSS-MASSA,ISSEN,48H-72H,45.00,0.00,0.00
REGION AGADIR,REGA,SOUSS-MASSA,KSIBA AHL RMEL,48H-72H,45.00,0.00,0.00
REGION AGADIR,REGA,SOUSS-MASSA,SEBT KFIFATE,48H-72H,45.00,0.00,0.00
REGION AGADIR,REGA,SOUSS-MASSA,Sebt El Guerdane,48H-72H,45.00,0.00,0.00
REGION AGADIR,REGA,SOUSS-MASSA,AGADIR MELLOUL,48H-72H,45.00,0.00,0.00
REGION AGADIR,REGA,SOUSS-MASSA,TIZNIT,48H-72H,45.00,0.00,0.00
REGION AGADIR,REGA,SOUSS-MASSA,TNINE AGLOU,48H-72H,45.00,0.00,0.00
REGION AGADIR,REGA,SOUSS-MASSA,SIDI IFNI,48H-72H,45.00,0.00,0.00
REGION AGADIR,REGA,SOUSS-MASSA,TAFRAOUT,48H-72H,45.00,0.00,0.00
REGION AGADIR,REGA,SOUSS-MASSA,AIT MELLOUL,48H-72H,45.00,0.00,0.00
REGION AGADIR,REGA,SOUSS-MASSA,INEZGANE,48H-72H,45.00,0.00,0.00
REGION AGADIR,REGA,SOUSS-MASSA,TEMSIA,48H-72H,45.00,0.00,0.00
REGION AGADIR,REGA,SOUSS-MASSA,AIT AMIRA,48H-72H,45.00,0.00,0.00
REGION AGADIR,REGA,SOUSS-MASSA,BIOUGRA,48H-72H,45.00,0.00,0.00
REGION AGADIR,REGA,SOUSS-MASSA,SIDI BIBI,48H-72H,45.00,0.00,0.00
REGION AGADIR,REGA,SOUSS-MASSA,MASSA,48H-72H,45.00,0.00,0.00
REGION AGADIR,REGA,SOUSS-MASSA,BOUIZKRANE,48H-72H,45.00,0.00,0.00
REGION AGADIR,REGA,SOUSS-MASSA,MIRLEFT,48H-72H,45.00,0.00,0.00
FES,FES,FES-MEKNES,FES,24H,35.00,0.00,0.00
FES VILLE,FESV,FES-MEKNES,FES - AL ATLAS,24H,35.00,0.00,0.00
FES VILLE,FESV,FES-MEKNES,FES - HAY QODS,24H,35.00,0.00,0.00
FES VILLE,FESV,FES-MEKNES,FES - DOKKARATE,24H,35.00,0.00,0.00
FES VILLE,FESV,FES-MEKNES,FES - JDID,24H,35.00,0.00,0.00
FES VILLE,FESV,FES-MEKNES,FES - HAY BADR,24H,35.00,0.00,0.00
FES VILLE,FESV,FES-MEKNES,FES - HAY KARIM EL AMRANI,24H,35.00,0.00,0.00
FES VILLE,FESV,FES-MEKNES,FES - HAY TAREQ,24H,35.00,0.00,0.00
FES VILLE,FESV,FES-MEKNES,FES - AIN SMEN,24H,35.00,0.00,0.00
FES VILLE,FESV,FES-MEKNES,FES - EL MERJA,24H,35.00,0.00,0.00
FES VILLE,FESV,FES-MEKNES,FES - HAY ENNAKHIL,24H,35.00,0.00,0.00
FES VILLE,FESV,FES-MEKNES,FES - HAY LALLA SOUKAINA,24H,35.00,0.00,0.00
FES VILLE,FESV,FES-MEKNES,FES - NARJIS,24H,35.00,0.00,0.00
FES VILLE,FESV,FES-MEKNES,FES - BENSOUDA,24H,35.00,0.00,0.00
FES VILLE,FESV,FES-MEKNES,FES - EL MASSIRA,24H,35.00,0.00,0.00
FES VILLE,FESV,FES-MEKNES,FES - ROUTE AIN CHEKAF,24H,35.00,0.00,0.00
FES VILLE,FESV,FES-MEKNES,FES - AIN CHKEF,24H,35.00,0.00,0.00
FES VILLE,FESV,FES-MEKNES,FES - HAY ANASS,24H,35.00,0.00,0.00
FES VILLE,FESV,FES-MEKNES,FES - HAY ERRACHIDIA,24H,35.00,0.00,0.00
FES VILLE,FESV,FES-MEKNES,FES - ADARISSA,24H,35.00,0.00,0.00
FES VILLE,FESV,FES-MEKNES,FES - SAADA,24H,35.00,0.00,0.00
FES VILLE,FESV,FES-MEKNES,FES - VILLE NOUVELLE,24H,35.00,0.00,0.00
FES VILLE,FESV,FES-MEKNES,FES - TGHAT,24H,35.00,0.00,0.00
FES VILLE,FESV,FES-MEKNES,FES - AIN SKATOU,24H,35.00,0.00,0.00
FES VILLE,FESV,FES-MEKNES,FES - HAY ZAZA,24H,35.00,0.00,0.00
FES VILLE,FESV,FES-MEKNES,FES - LIDO,24H,35.00,0.00,0.00
FES VILLE,FESV,FES-MEKNES,FES - ROUTE D'IMOUZZER,24H,35.00,0.00,0.00
FES VILLE,FESV,FES-MEKNES,FES - EL AMBRA,24H,35.00,0.00,0.00
FES VILLE,FESV,FES-MEKNES,FES - EL FADILA,24H,35.00,0.00,0.00
FES VILLE,FESV,FES-MEKNES,FES - EL FATH,24H,35.00,0.00,0.00
FES VILLE,FESV,FES-MEKNES,FES - HAY ZINEB,24H,35.00,0.00,0.00
FES VILLE,FESV,FES-MEKNES,FES - NOUZHA,24H,35.00,0.00,0.00
FES VILLE,FESV,FES-MEKNES,FES - LIMOUN,24H,35.00,0.00,0.00
FES VILLE,FESV,FES-MEKNES,FES - ZITOUNE,24H,35.00,0.00,0.00
FES VILLE,FESV,FES-MEKNES,FES - MONT-FLEURI,24H,35.00,0.00,0.00
FES VILLE,FESV,FES-MEKNES,FES - HAY NAJAH,24H,35.00,0.00,0.00
FES VILLE,FESV,FES-MEKNES,FES - AWINATE EL HAJAJE,24H,35.00,0.00,0.00
FES VILLE,FESV,FES-MEKNES,FES - SIDI BRAHIM,24H,35.00,0.00,0.00
FES VILLE,FESV,FES-MEKNES,FES - AIN KADOUS,24H,35.00,0.00,0.00
FES VILLE,FESV,FES-MEKNES,FES - HAY DAYAA,24H,35.00,0.00,0.00
FES VILLE,FESV,FES-MEKNES,FES - LHADIQUA,24H,35.00,0.00,0.00
FES VILLE,FESV,FES-MEKNES,FES - LEMSSELLAH,24H,35.00,0.00,0.00
FES VILLE,FESV,FES-MEKNES,FES - HAY EL MOHAMMADI,24H,35.00,0.00,0.00
FES VILLE,FESV,FES-MEKNES,FES - HAY ESSALAM,24H,35.00,0.00,0.00
FES VILLE,FESV,FES-MEKNES,FES - MOULAY DRISS,24H,35.00,0.00,0.00
FES VILLE,FESV,FES-MEKNES,FES - OUED FES,24H,35.00,0.00,0.00
FES VILLE,FESV,FES-MEKNES,FES - AIN HARROUNE,24H,35.00,0.00,0.00
FES VILLE,FESV,FES-MEKNES,FES - BEN DEBBAB,24H,35.00,0.00,0.00
FES VILLE,FESV,FES-MEKNES,FES - BEN SLIMANE,24H,35.00,0.00,0.00
FES VILLE,FESV,FES-MEKNES,FES - DHAR LAKHMISS,24H,35.00,0.00,0.00
FES VILLE,FESV,FES-MEKNES,FES - EL MELLAH,24H,35.00,0.00,0.00
FES VILLE,FESV,FES-MEKNES,FES - EL BATHAA,24H,35.00,0.00,0.00
FES VILLE,FESV,FES-MEKNES,FES - ANCIENNE MÜDINA,24H,35.00,0.00,0.00
FES VILLE,FESV,FES-MEKNES,FES - BOU JLOUD,24H,35.00,0.00,0.00
FES VILLE,FESV,FES-MEKNES,FES - AIN NOUKBI,24H,35.00,0.00,0.00
FES VILLE,FESV,FES-MEKNES,FES - BAB FTOUH,24H,35.00,0.00,0.00
FES VILLE,FESV,FES-MEKNES,FES - SIDI BOUJIDA,24H,35.00,0.00,0.00
FES VILLE,FESV,FES-MEKNES,FES - HAY EL KARAOUYINE,24H,35.00,0.00,0.00
REGION FES,REGF,FES-MEKNES,SIDI EL MEKHFI,48H-72H,45.00,0.00,0.00
REGION FES,REGF,FES-MEKNES,BOUAROUSS,48H-72H,45.00,0.00,0.00
REGION FES,REGF,FES-MEKNES,AIN MEDIOUNA,48H-72H,45.00,0.00,0.00
REGION FES,REGF,FES-MEKNES,BOUHOUDA,48H-72H,45.00,0.00,0.00
REGION FES,REGF,FES-MEKNES,Tahar Souk (Bani Walid),48H-72H,45.00,0.00,0.00
REGION FES,REGF,FES-MEKNES,AJDIR-TAZA,48H-72H,45.00,0.00,0.00
REGION FES,REGF,FES-MEKNES,IKKAOUEN,48H-72H,45.00,0.00,0.00
REGION FES,REGF,FES-MEKNES,RATBA,48H-72H,45.00,0.00,0.00
REGION FES,REGF,FES-MEKNES,TOUNFITE,48H-72H,45.00,0.00,0.00
REGION FES,REGF,FES-MEKNES,AGHBALOU,48H-72H,45.00,0.00,0.00
REGION FES,REGF,FES-MEKNES,OULAD ETTAYEB,48H-72H,45.00,0.00,0.00
REGION FES,REGF,FES-MEKNES,SEFROU,48H-72H,45.00,0.00,0.00
REGION FES,REGF,FES-MEKNES,BHALIL,48H-72H,45.00,0.00,0.00
REGION FES,REGF,FES-MEKNES,SIDI HARAZEM,48H-72H,45.00,0.00,0.00
REGION FES,REGF,FES-MEKNES,RIBATE EL KHEIR,48H-72H,45.00,0.00,0.00
REGION FES,REGF,FES-MEKNES,AIN CHEGGAG,48H-72H,45.00,0.00,0.00
REGION FES,REGF,FES-MEKNES,IMOUZZER KANDAR,48H-72H,45.00,0.00,0.00
REGION FES,REGF,FES-MEKNES,TNINE MHAYA,48H-72H,45.00,0.00,0.00
REGION FES,REGF,FES-MEKNES,AIN TAOUJDATE,48H-72H,45.00,0.00,0.00
REGION FES,REGF,FES-MEKNES,MOULAY YACOUB,48H-72H,45.00,0.00,0.00
REGION FES,REGF,FES-MEKNES,RAS EL MA,48H-72H,45.00,0.00,0.00
REGION FES,REGF,FES-MEKNES,TADDART,48H-72H,45.00,0.00,0.00
REGION FES,REGF,FES-MEKNES,BOULEMANE,48H-72H,45.00,0.00,0.00
REGION FES,REGF,FES-MEKNES,ALMIS GUIGOU,48H-72H,45.00,0.00,0.00
REGION FES,REGF,FES-MEKNES,TIMAHDITE,48H-72H,45.00,0.00,0.00
REGION FES,REGF,FES-MEKNES,ITZER,48H-72H,45.00,0.00,0.00
REGION FES,REGF,FES-MEKNES,MIDELT,48H-72H,45.00,0.00,0.00
REGION FES,REGF,FES-MEKNES,BOUMIA,48H-72H,45.00,0.00,0.00
REGION FES,REGF,FES-MEKNES,ZAIDA,48H-72H,45.00,0.00,0.00
REGION FES,REGF,FES-MEKNES,TAZA,48H-72H,45.00,0.00,0.00
REGION FES,REGF,FES-MEKNES,OUED AMLIL,48H-72H,45.00,0.00,0.00
REGION FES,REGF,FES-MEKNES,TAHLA,48H-72H,45.00,0.00,0.00
REGION FES,REGF,FES-MEKNES,TAOUNATE,48H-72H,45.00,0.00,0.00
REGION FES,REGF,FES-MEKNES,TISSA,48H-72H,45.00,0.00,0.00
REGION FES,REGF,FES-MEKNES,AIN AICHA,48H-72H,45.00,0.00,0.00
REGION FES,REGF,FES-MEKNES,AIN KANSARA,48H-72H,45.00,0.00,0.00
REGION FES,REGF,FES-MEKNES,KARIA BA MOHAMED,48H-72H,45.00,0.00,0.00
REGION FES,REGF,FES-MEKNES,IFRANE,48H-72H,45.00,0.00,0.00
REGION FES,REGF,FES-MEKNES,GHAFSAI,48H-72H,45.00,0.00,0.00
MEKNES,MEK,FES-MEKNES,MEKNES,24H,35.00,0.00,0.00
MEKNES VILLE,MEKV,FES-MEKNES,MEKNES - CENTRE VILLE HAMRIA,24H,35.00,0.00,0.00
MEKNES VILLE,MEKV,FES-MEKNES,MEKNES - RIAD ISMAILIA,24H,35.00,0.00,0.00
MEKNES VILLE,MEKV,FES-MEKNES,MEKNES - ZITOUNE,24H,35.00,0.00,0.00
MEKNES VILLE,MEKV,FES-MEKNES,MEKNES - MARJANE,24H,35.00,0.00,0.00
MEKNES VILLE,MEKV,FES-MEKNES,MEKNES - BASSATINE,24H,35.00,0.00,0.00
MEKNES REGION,MEKR,FES-MEKNES,OUISLANE,48H-72H,45.00,0.00,0.00
MEKNES REGION,MEKR,FES-MEKNES,EL HADJ KADDOUR,48H-72H,45.00,0.00,0.00
MEKNES REGION,MEKR,FES-MEKNES,BOUFAKRANE,48H-72H,45.00,0.00,0.00
MEKNES REGION,MEKR,FES-MEKNES,EL HAJEB,48H-72H,45.00,0.00,0.00
MEKNES REGION,MEKR,FES-MEKNES,BOUDERBALA,48H-72H,45.00,0.00,0.00
MEKNES REGION,MEKR,FES-MEKNES,SOUK EL GOUR,48H-72H,45.00,0.00,0.00
MEKNES REGION,MEKR,FES-MEKNES,OUED JDIDA,48H-72H,45.00,0.00,0.00
MEKNES REGION,MEKR,FES-MEKNES,SABAA AIYOUN,48H-72H,45.00,0.00,0.00
MEKNES REGION,MEKR,FES-MEKNES,MOULAY IDRISS ZARHOUN,48H-72H,45.00,0.00,0.00
MEKNES REGION,MEKR,FES-MEKNES,AGOURAI,48H-72H,45.00,0.00,0.00
MEKNES REGION,MEKR,FES-MEKNES,AIN LEUH,48H-72H,45.00,0.00,0.00
MEKNES REGION,MEKR,FES-MEKNES,AZROU,48H-72H,45.00,0.00,0.00
MEKNES REGION,MEKR,FES-MEKNES,SEBT JAHJOUHE,48H-72H,45.00,0.00,0.00
MEKNES REGION,MEKR,FES-MEKNES,SIDI ADDI,48H-72H,45.00,0.00,0.00
OUJDA,OUJ,ORIENTAL,OUJDA,24H-48H,35.00,0.00,0.00
OUJDA REGION,OUJR,ORIENTAL,BNI DRAR,48H-72H,45.00,0.00,0.00
OUJDA REGION,OUJR,ORIENTAL,RAS EL MA,48H-72H,45.00,0.00,0.00
OUJDA REGION,OUJR,ORIENTAL,AHFIR,48H-72H,45.00,0.00,0.00
OUJDA REGION,OUJR,ORIENTAL,AKLIM,48H-72H,45.00,0.00,0.00
OUJDA REGION,OUJR,ORIENTAL,BERKANE,48H-72H,45.00,0.00,0.00
OUJDA REGION,OUJR,ORIENTAL,SAIDIA,48H-72H,45.00,0.00,0.00
OUJDA REGION,OUJR,ORIENTAL,AIN BNI MATHAR,48H-72H,45.00,0.00,0.00
OUJDA REGION,OUJR,ORIENTAL,HASSI BLAL,48H-72H,45.00,0.00,0.00
OUJDA REGION,OUJR,ORIENTAL,JERADA,48H-72H,45.00,0.00,0.00
OUJDA REGION,OUJR,ORIENTAL,TAOURIRT,48H-72H,45.00,0.00,0.00
NADOR,NAD,ORIENTAL,NADOR,24H,40.00,0.00,0.00
NADOR VILLE,NADV,ORIENTAL,Centre-ville (Centre),24H,40.00,0.00,0.00
NADOR VILLE,NADV,ORIENTAL,Quartier Administratif,24H,40.00,0.00,0.00
NADOR VILLE,NADV,ORIENTAL,Hay Al Matar,24H,40.00,0.00,0.00
NADOR VILLE,NADV,ORIENTAL,El Kindi,24H,40.00,0.00,0.00
NADOR VILLE,NADV,ORIENTAL,El Khettabi,24H,40.00,0.00,0.00
NADOR VILLE,NADV,ORIENTAL,Laâri Cheikh,24H,40.00,0.00,0.00
NADOR VILLE,NADV,ORIENTAL,Laâri / Laarassi,24H,40.00,0.00,0.00
NADOR VILLE,NADV,ORIENTAL,Oulad Mimoun,24H,40.00,0.00,0.00
NADOR VILLE,NADV,ORIENTAL,Oulad Brahim,24H,40.00,0.00,0.00
NADOR VILLE,NADV,ORIENTAL,Oulad Boutaïb,24H,40.00,0.00,0.00
NADOR VILLE,NADV,ORIENTAL,Oulad Lahcen,24H,40.00,0.00,0.00
NADOR VILLE,NADV,ORIENTAL,Oulad Tayeb,24H,40.00,0.00,0.00
NADOR VILLE,NADV,ORIENTAL,Aarid / Al Arid,24H,40.00,0.00,0.00
NADOR VILLE,NADV,ORIENTAL,Barakia,24H,40.00,0.00,0.00
NADOR VILLE,NADV,ORIENTAL,Bouchouaf,24H,40.00,0.00,0.00
NADOR VILLE,NADV,ORIENTAL,Bouarourou,24H,40.00,0.00,0.00
NADOR VILLE,NADV,ORIENTAL,Chaala,24H,40.00,0.00,0.00
NADOR VILLE,NADV,ORIENTAL,Hay El Askari,24H,40.00,0.00,0.00
NADOR VILLE,NADV,ORIENTAL,Hay El Madani,24H,40.00,0.00,0.00
NADOR VILLE,NADV,ORIENTAL,Sidi Ali,24H,40.00,0.00,0.00
NADOR VILLE,NADV,ORIENTAL,Issabanen,24H,40.00,0.00,0.00
NADOR VILLE,NADV,ORIENTAL,Igounaf,24H,40.00,0.00,0.00
NADOR VILLE,NADV,ORIENTAL,Ichoumay,24H,40.00,0.00,0.00
NADOR VILLE,NADV,ORIENTAL,Tizghine,24H,40.00,0.00,0.00
NADOR VILLE,NADV,ORIENTAL,Tirakaâ / Tireqqaâ,24H,40.00,0.00,0.00
NADOR VILLE,NADV,ORIENTAL,Rigo Laris,24H,40.00,0.00,0.00
NADOR VILLE,NADV,ORIENTAL,Erfid / Ibarraqen,24H,40.00,0.00,0.00
NADOR VILLE,NADV,ORIENTAL,Teraqqaâ,24H,40.00,0.00,0.00
NADOR VILLE,NADV,ORIENTAL,Hay El Idari,24H,40.00,0.00,0.00
NADOR VILLE,NADV,ORIENTAL,Hay El Manar / zones nouvelles,24H,40.00,0.00,0.00
NADOR REGION,NADR,ORIENTAL,BOUARG,48H-72H,45.00,0.00,0.00
NADOR REGION,NADR,ORIENTAL,FARKHANA,48H-72H,45.00,0.00,0.00
NADOR REGION,NADR,ORIENTAL,BNI ANSAR,48H-72H,45.00,0.00,0.00
NADOR REGION,NADR,ORIENTAL,DRIOUCH,48H-72H,45.00,0.00,0.00
NADOR REGION,NADR,ORIENTAL,HAD BNI CHIKER,48H-72H,45.00,0.00,0.00
NADOR REGION,NADR,ORIENTAL,KARIAT ARKMANE,48H-72H,45.00,0.00,0.00
NADOR REGION,NADR,ORIENTAL,MIDAR,48H-72H,45.00,0.00,0.00
NADOR REGION,NADR,ORIENTAL,AL AAROUI,48H-72H,45.00,0.00,0.00
NADOR REGION,NADR,ORIENTAL,ZEGHANGHANE,48H-72H,45.00,0.00,0.00
NADOR REGION,NADR,ORIENTAL,SELOUANE,48H-72H,45.00,0.00,0.00
NADOR REGION,NADR,ORIENTAL,TAFERSITE,48H-72H,45.00,0.00,0.00
NADOR REGION,NADR,ORIENTAL,TIZTOUTINE,48H-72H,45.00,0.00,0.00
NADOR REGION,NADR,ORIENTAL,ZAIO,48H-72H,45.00,0.00,0.00
NADOR REGION,NADR,ORIENTAL,MADAGH,48H-72H,45.00,0.00,0.00
NADOR REGION,NADR,ORIENTAL,BNI OUKIL - NADOR,48H-72H,45.00,0.00,0.00
KENITRA,KEN,RABAT-SALE-KENITRA,KENITRA,24H,35.00,0.00,0.00
KENITRA VILLE,KENV,RABAT-SALE-KENITRA,KENITRA - CENTRE VILLE,24H,35.00,0.00,0.00
KENITRA VILLE,KENV,RABAT-SALE-KENITRA,KENITRA - LA VILLE HAUTE,24H,35.00,0.00,0.00
KENITRA VILLE,KENV,RABAT-SALE-KENITRA,KENITRA - KHABAZZAT,24H,35.00,0.00,0.00
KENITRA VILLE,KENV,RABAT-SALE-KENITRA,KENITRA - SAKNIA,24H,35.00,0.00,0.00
KENITRA VILLE,KENV,RABAT-SALE-KENITRA,KENITRA - OULED OUJIH,24H,35.00,0.00,0.00
KENITRA VILLE,KENV,RABAT-SALE-KENITRA,KNEITRA - MIMOUSA,24H,35.00,0.00,0.00
KENITRA VILLE,KENV,RABAT-SALE-KENITRA,KENITRA - MAAMORA,24H,35.00,0.00,0.00
KENITRA VILLE,KENV,RABAT-SALE-KENITRA,KENITRA - MEHDIA,24H,35.00,0.00,0.00
KENITRA VILLE,KENV,RABAT-SALE-KENITRA,KENITRA - LE VALLON,24H,35.00,0.00,0.00
KENITRA VILLE,KENV,RABAT-SALE-KENITRA,KENITRA - BIR RAMI,24H,35.00,0.00,0.00
KENITRA VILLE,KENV,RABAT-SALE-KENITRA,KENITRA - BIR RAMI OUEST,24H,35.00,0.00,0.00
KENITRA REGION,KENR,RABAT-SALE-KENITRA,SIDI TAIBI,24H-48H,35.00,0.00,0.00
KENITRA REGION,KENR,RABAT-SALE-KENITRA,SIDI SLIMANE,24H-48H,45.00,0.00,0.00
KENITRA REGION,KENR,RABAT-SALE-KENITRA,ALLAL TAZI,24H-48H,45.00,0.00,0.00
KENITRA REGION,KENR,RABAT-SALE-KENITRA,LALLA MIMOUNA,24H-48H,45.00,0.00,0.00
KENITRA REGION,KENR,RABAT-SALE-KENITRA,DAR BELAMRI,24H-48H,45.00,0.00,0.00
KENITRA REGION,KENR,RABAT-SALE-KENITRA,SIDI YAHYA DU GHARB,24H-48H,45.00,0.00,0.00
KENITRA REGION,KENR,RABAT-SALE-KENITRA,EL ARBAA DU RHARB,24H-48H,45.00,0.00,0.00
KENITRA REGION,KENR,RABAT-SALE-KENITRA,MOULAY BOUSELHAM,24H-48H,45.00,0.00,0.00
KENITRA REGION,KENR,RABAT-SALE-KENITRA,OUEZZANE,24H-48H,45.00,0.00,0.00
KENITRA REGION,KENR,RABAT-SALE-KENITRA,SIDI KACEM,24H-48H,45.00,0.00,0.00
KENITRA REGION,KENR,RABAT-SALE-KENITRA,JORF EL MELHA,24H-48H,45.00,0.00,0.00
KENITRA REGION,KENR,RABAT-SALE-KENITRA,HAD KOURT,24H-48H,45.00,0.00,0.00
KENITRA REGION,KENR,RABAT-SALE-KENITRA,KHENICHET,24H-48H,45.00,0.00,0.00
KENITRA REGION,KENR,RABAT-SALE-KENITRA,MECHRA BEL KSIRI,24H-48H,45.00,0.00,0.00
KENITRA REGION,KENR,RABAT-SALE-KENITRA,SIDI AL KAMEL,24H-48H,45.00,0.00,0.00
KENITRA REGION,KENR,RABAT-SALE-KENITRA,SIDI REDOUANE,24H-48H,45.00,0.00,0.00
KENITRA REGION,KENR,RABAT-SALE-KENITRA,AIN DORIJ,24H-48H,45.00,0.00,0.00
KENITRA REGION,KENR,RABAT-SALE-KENITRA,ZOUMI,24H-48H,45.00,0.00,0.00
RABAT,RAB,RABAT-SALE-KENITRA,RABAT,24H,35.00,0.00,0.00
RABAT VILLE,RABV,RABAT-SALE-KENITRA,RABAT - CENTRE VILLE,24H,35.00,0.00,0.00
RABAT VILLE,RABV,RABAT-SALE-KENITRA,RABAT - HASSAN,24H,35.00,0.00,0.00
RABAT VILLE,RABV,RABAT-SALE-KENITRA,KASBAT OUDAYA,24H,35.00,0.00,0.00
RABAT VILLE,RABV,RABAT-SALE-KENITRA,RABAT - MEDINA,24H,35.00,0.00,0.00
RABAT VILLE,RABV,RABAT-SALE-KENITRA,RABAT - OCEAN,24H,35.00,0.00,0.00
RABAT VILLE,RABV,RABAT-SALE-KENITRA,RABAT - AKKARI,24H,35.00,0.00,0.00
RABAT VILLE,RABV,RABAT-SALE-KENITRA,RABAT - KEBIBAT,24H,35.00,0.00,0.00
RABAT VILLE,RABV,RABAT-SALE-KENITRA,RABAT - YACOUB EL MANSOUR,24H,35.00,0.00,0.00
RABAT VILLE,RABV,RABAT-SALE-KENITRA,RABAT - DIOUR JAMAA,24H,35.00,0.00,0.00
RABAT VILLE,RABV,RABAT-SALE-KENITRA,RABAT - LES ORANGERS,24H,35.00,0.00,0.00
RABAT VILLE,RABV,RABAT-SALE-KENITRA,RABAT - HAY RIAD,24H,35.00,0.00,0.00
RABAT VILLE,RABV,RABAT-SALE-KENITRA,RABAT - SOUISSI,24H,35.00,0.00,0.00
RABAT VILLE,RABV,RABAT-SALE-KENITRA,RABAT - AGDAL,24H,35.00,0.00,0.00
RABAT VILLE,RABV,RABAT-SALE-KENITRA,RABAT - MADINAT AL IRFANE,24H,35.00,0.00,0.00
RABAT VILLE,RABV,RABAT-SALE-KENITRA,RABAT - ENNAHDA,24H,35.00,0.00,0.00
RABAT VILLE,RABV,RABAT-SALE-KENITRA,RABAT - HAY EL FATH,24H,35.00,0.00,0.00
RABAT VILLE,RABV,RABAT-SALE-KENITRA,RABAT - AL MASSIRA,24H,35.00,0.00,0.00
RABAT VILLE,RABV,RABAT-SALE-KENITRA,RABAT - AVIATION,24H,35.00,0.00,0.00
RABAT VILLE,RABV,RABAT-SALE-KENITRA,RABAT - MABILLA,24H,35.00,0.00,0.00
RABAT VILLE,RABV,RABAT-SALE-KENITRA,RABAT - YOUSSOUFIA,24H,35.00,0.00,0.00
RABAT VILLE,RABV,RABAT-SALE-KENITRA,RABAT - TAKADDOUM,24H,35.00,0.00,0.00
RABAT VILLE,RABV,RABAT-SALE-KENITRA,RABAT - LES AMBASSADEURS,24H,35.00,0.00,0.00
SALE,SAL,RABAT-SALE-KENITRA,SALE,24H,35.00,0.00,0.00
SALE VILLE,SALV,RABAT-SALE-KENITRA,SALE - TABRIQUET,24H,35.00,0.00,0.00
SALE VILLE,SALV,RABAT-SALE-KENITRA,SALE - HSSAIN,24H,35.00,0.00,0.00
SALE VILLE,SALV,RABAT-SALE-KENITRA,SALE - MEDINA,24H,35.00,0.00,0.00
SALE VILLE,SALV,RABAT-SALE-KENITRA,SALE - LAAYAYDA,24H,35.00,0.00,0.00
SALE VILLE,SALV,RABAT-SALE-KENITRA,SALE - BETTANA,24H,35.00,0.00,0.00
SALE VILLE,SALV,RABAT-SALE-KENITRA,SALE - QARIA,24H,35.00,0.00,0.00
SALE VILLE,SALV,RABAT-SALE-KENITRA,SALE - EL OUED,24H,35.00,0.00,0.00
SALE VILLE,SALV,RABAT-SALE-KENITRA,SALE - SALE EL JADIDA,24H,35.00,0.00,0.00
SALE VILLE,SALV,RABAT-SALE-KENITRA,SALE - SIDI MOUSSA,24H,35.00,0.00,0.00
SALE VILLE,SALV,RABAT-SALE-KENITRA,SALE - EL AMAL,24H,35.00,0.00,0.00
SALE VILLE,SALV,RABAT-SALE-KENITRA,SALE - MOULAY ISMAIL,24H,35.00,0.00,0.00
SALE VILLE,SALV,RABAT-SALE-KENITRA,SALE EL JADIDA,24H,35.00,0.00,0.00
SALE REGION,SALR,RABAT-SALE-KENITRA,KHEMISSET,48H,45.00,0.00,0.00
SALE REGION,SALR,RABAT-SALE-KENITRA,SIDI ALLAL EL BAHRAOUI,48H,45.00,0.00,0.00
SALE REGION,SALR,RABAT-SALE-KENITRA,TIFLET,48H,45.00,0.00,0.00
TEMARA,TEM,RABAT-SALE-KENITRA,TEMARA,24H,35.00,0.00,0.00
TEMARA VILLE,TEMV,RABAT-SALE-KENITRA,TEMARA - HAY EL WIFAQ,24H,35.00,0.00,0.00
TEMARA VILLE,TEMV,RABAT-SALE-KENITRA,TEMARA - HAY ELA MASSIRA,24H,35.00,0.00,0.00
TEMARA VILLE,TEMV,RABAT-SALE-KENITRA,TEMARA - MAGHREB ARABI,24H,35.00,0.00,0.00
TEMARA VILLE,TEMV,RABAT-SALE-KENITRA,TEMARA - QUARTIER ADMINISTRATIF,24H,35.00,0.00,0.00
TEMARA VILLE,TEMV,RABAT-SALE-KENITRA,TEMARA - IBN KHALDOUN,24H,35.00,0.00,0.00
TEMARA VILLE,TEMV,RABAT-SALE-KENITRA,TEMARA - OULAD MTAA,24H,35.00,0.00,0.00
TEMARA VILLE,TEMV,RABAT-SALE-KENITRA,TEMARA - AL WAHDA,24H,35.00,0.00,0.00
TEMARA VILLE,TEMV,RABAT-SALE-KENITRA,TEMARA - MASSIRA 1,24H,35.00,0.00,0.00
TEMARA VILLE,TEMV,RABAT-SALE-KENITRA,TEMARA - MASSIRA 2,24H,35.00,0.00,0.00
TEMARA VILLE,TEMV,RABAT-SALE-KENITRA,TEMARA - MASSIRA 3,24H,35.00,0.00,0.00
TEMARA REGION,TEMR,RABAT-SALE-KENITRA,TEMARA - BASSATINE EL MENZEH,48H,40.00,0.00,0.00
TEMARA REGION,TEMR,RABAT-SALE-KENITRA,AIN ATTIG,48H,40.00,0.00,0.00
TEMARA REGION,TEMR,RABAT-SALE-KENITRA,SKHIRATE,48H,40.00,0.00,0.00
TEMARA REGION,TEMR,RABAT-SALE-KENITRA,AIN EL AOUDA,48H,40.00,0.00,0.00
TEMARA REGION,TEMR,RABAT-SALE-KENITRA,SIDI YAHIA ZAERS,48H,40.00,0.00,0.00
TEMARA REGION,TEMR,RABAT-SALE-KENITRA,TAMESNA,48H,40.00,0.00,0.00
TEMARA REGION,TEMR,RABAT-SALE-KENITRA,BENSLIMANE,48H,40.00,0.00,0.00
TEMARA REGION,TEMR,RABAT-SALE-KENITRA,FEDALATE,48H,40.00,0.00,0.00
TEMARA REGION,TEMR,RABAT-SALE-KENITRA,BOUZNIKA,48H,40.00,0.00,0.00
TEMARA REGION,TEMR,RABAT-SALE-KENITRA,TEMARA-HARHOURA,48H,40.00,0.00,0.00
MARRAKECH,MAR,MARRAKECH-SAFI,MARRAKECH,24H,35.00,0.00,0.00
MARRAKECH VILLE,MARV,MARRAKECH-SAFI,MARRAKECH-ANCIENNE MEDINA,24H,35.00,0.00,0.00
MARRAKECH VILLE,MARV,MARRAKECH-SAFI,MARRAKECH - GUELIZ,24H,35.00,0.00,0.00
MARRAKECH VILLE,MARV,MARRAKECH-SAFI,MARRAKECH - SEMLALIA,24H,35.00,0.00,0.00
MARRAKECH VILLE,MARV,MARRAKECH-SAFI,MARRAKECH - SIDI ABBAD,24H,35.00,0.00,0.00
MARRAKECH VILLE,MARV,MARRAKECH-SAFI,AIN ITTI,24H,35.00,0.00,0.00
MARRAKECH VILLE,MARV,MARRAKECH-SAFI,MARRAKECH - AIN ITTI,24H,35.00,0.00,0.00
MARRAKECH VILLE,MARV,MARRAKECH-SAFI,MARRAKECH - MHAMID,24H,35.00,0.00,0.00
MARRAKECH VILLE,MARV,MARRAKECH-SAFI,MARRAKECH - AZLI,24H,35.00,0.00,0.00
MARRAKECH VILLE,MARV,MARRAKECH-SAFI,MARRAKECH - LA PALMERAIE,24H,35.00,0.00,0.00
MARRAKECH VILLE,MARV,MARRAKECH-SAFI,LES PORTES DE MARRAKESH,24H,35.00,0.00,0.00
MARRAKECH VILLE,MARV,MARRAKECH-SAFI,MARRAKECH - DAOUDIATE,24H,35.00,0.00,0.00
MARRAKECH VILLE,MARV,MARRAKECH-SAFI,MARRAKECH - SIDI GHANEM,24H,35.00,0.00,0.00
MARRAKECH VILLE,MARV,MARRAKECH-SAFI,MARRAKECH - TARGA,24H,35.00,0.00,0.00
MARRAKECH VILLE,MARV,MARRAKECH-SAFI,MARRAKECH - MASSIRA,24H,35.00,0.00,0.00
MARRAKECH VILLE,MARV,MARRAKECH-SAFI,MARRAKECH - AIN MEZOUAR,24H,35.00,0.00,0.00
MARRAKECH VILLE,MARV,MARRAKECH-SAFI,MARRAKECH - SAADA,24H,35.00,0.00,0.00
MARRAKECH VILLE,MARV,MARRAKECH-SAFI,MARRAKECH - AZZOUZIA,24H,35.00,0.00,0.00
MARRAKECH REGION,MARR,MARRAKECH-SAFI,SIDI ZOUINE,48H-72H,45.00,0.00,0.00
MARRAKECH REGION,MARR,MARRAKECH-SAFI,SOUIHLA,48H-72H,45.00,0.00,0.00
MARRAKECH REGION,MARR,MARRAKECH-SAFI,BENI GUERIR,48H-72H,45.00,0.00,0.00
MARRAKECH REGION,MARR,MARRAKECH-SAFI,TAMANSOURT,48H-72H,45.00,0.00,0.00
MARRAKECH REGION,MARR,MARRAKECH-SAFI,CHICHAOUA,48H-72H,45.00,0.00,0.00
MARRAKECH REGION,MARR,MARRAKECH-SAFI,MZOUDIA,48H-72H,45.00,0.00,0.00
MARRAKECH REGION,MARR,MARRAKECH-SAFI,OUAHAT SIDI BRAHIM,48H-72H,45.00,0.00,0.00
MARRAKECH REGION,MARR,MARRAKECH-SAFI,SIDI MOKHTAR,48H-72H,45.00,0.00,0.00
MARRAKECH REGION,MARR,MARRAKECH-SAFI,EL KELAA DES SRAGHNA,48H-72H,45.00,0.00,0.00
MARRAKECH REGION,MARR,MARRAKECH-SAFI,LAATTAOUIA,48H-72H,45.00,0.00,0.00
MARRAKECH REGION,MARR,MARRAKECH-SAFI,LAATAMNA,48H-72H,45.00,0.00,0.00
MARRAKECH REGION,MARR,MARRAKECH-SAFI,SIDI BOU OTHMANE,48H-72H,45.00,0.00,0.00
MARRAKECH REGION,MARR,MARRAKECH-SAFI,SKHOUR REHAMNA,48H-72H,45.00,0.00,0.00
MARRAKECH REGION,MARR,MARRAKECH-SAFI,TAMALLALT,48H-72H,45.00,0.00,0.00
MARRAKECH REGION,MARR,MARRAKECH-SAFI,AIT OURIR,48H-72H,45.00,0.00,0.00
MARRAKECH REGION,MARR,MARRAKECH-SAFI,CHOUITER,48H-72H,45.00,0.00,0.00
MARRAKECH REGION,MARR,MARRAKECH-SAFI,TAMSLOUHT,48H-72H,45.00,0.00,0.00
MARRAKECH REGION,MARR,MARRAKECH-SAFI,AMZMIZ,48H-72H,45.00,0.00,0.00
SAFI,SAF,MARRAKECH-SAFI,SAFI,24H,35.00,0.00,0.00
SAFI VILLE,SAFV,MARRAKECH-SAFI,Ville Nouvelle,24H,35.00,0.00,0.00
SAFI VILLE,SAFV,MARRAKECH-SAFI,Médina,24H,35.00,0.00,0.00
SAFI VILLE,SAFV,MARRAKECH-SAFI,Bab Chaaba,24H,35.00,0.00,0.00
SAFI VILLE,SAFV,MARRAKECH-SAFI,Bab Agnaou,24H,35.00,0.00,0.00
SAFI VILLE,SAFV,MARRAKECH-SAFI,Bab Lakouas,24H,35.00,0.00,0.00
SAFI VILLE,SAFV,MARRAKECH-SAFI,Plateau,24H,35.00,0.00,0.00
SAFI VILLE,SAFV,MARRAKECH-SAFI,Hay Mohammed V,24H,35.00,0.00,0.00
SAFI VILLE,SAFV,MARRAKECH-SAFI,Hay Salam,24H,35.00,0.00,0.00
SAFI VILLE,SAFV,MARRAKECH-SAFI,Hay Anas,24H,35.00,0.00,0.00
SAFI VILLE,SAFV,MARRAKECH-SAFI,Hay Riad,24H,35.00,0.00,0.00
SAFI VILLE,SAFV,MARRAKECH-SAFI,Hay Essalam,24H,35.00,0.00,0.00
SAFI VILLE,SAFV,MARRAKECH-SAFI,Hay Al Wahda,24H,35.00,0.00,0.00
SAFI VILLE,SAFV,MARRAKECH-SAFI,Hay Al Massira,24H,35.00,0.00,0.00
SAFI VILLE,SAFV,MARRAKECH-SAFI,Hay El Qods,24H,35.00,0.00,0.00
SAFI VILLE,SAFV,MARRAKECH-SAFI,Hay Al Wifaq,24H,35.00,0.00,0.00
SAFI VILLE,SAFV,MARRAKECH-SAFI,Hay Chrifa,24H,35.00,0.00,0.00
SAFI VILLE,SAFV,MARRAKECH-SAFI,Lalla Hnia Hamria,24H,35.00,0.00,0.00
SAFI VILLE,SAFV,MARRAKECH-SAFI,Sidi Abdelkrim,24H,35.00,0.00,0.00
SAFI VILLE,SAFV,MARRAKECH-SAFI,Sidi Bouzid,24H,35.00,0.00,0.00
SAFI VILLE,SAFV,MARRAKECH-SAFI,Koudiat Ben Idriss,24H,35.00,0.00,0.00
SAFI VILLE,SAFV,MARRAKECH-SAFI,Jrifat,24H,35.00,0.00,0.00
SAFI VILLE,SAFV,MARRAKECH-SAFI,Kariat Chems,24H,35.00,0.00,0.00
SAFI VILLE,SAFV,MARRAKECH-SAFI,Miftah Al Khair,24H,35.00,0.00,0.00
SAFI VILLE,SAFV,MARRAKECH-SAFI,Al Massira,24H,35.00,0.00,0.00
SAFI VILLE,SAFV,MARRAKECH-SAFI,Al Inbiaat,24H,35.00,0.00,0.00
SAFI VILLE,SAFV,MARRAKECH-SAFI,Dar Si Aissa,24H,35.00,0.00,0.00
SAFI VILLE,SAFV,MARRAKECH-SAFI,Azib Derai,24H,35.00,0.00,0.00
SAFI VILLE,SAFV,MARRAKECH-SAFI,Sidi Ouassel,24H,35.00,0.00,0.00
SAFI VILLE,SAFV,MARRAKECH-SAFI,Rbat,24H,35.00,0.00,0.00
SAFI REGION,SAFR,MARRAKECH-SAFI,CHEMAIA,48H,45.00,0.00,0.00
SAFI REGION,SAFR,MARRAKECH-SAFI,JAMAAT SHAIM,48H,45.00,0.00,0.00
SAFI REGION,SAFR,MARRAKECH-SAFI,YOUSSOUFIA,48H,45.00,0.00,0.00
SAFI REGION,SAFR,MARRAKECH-SAFI,TLETA SIDI BOUGUEDRA,48H,45.00,0.00,0.00
SAFI REGION,SAFR,MARRAKECH-SAFI,TALEMEST,48H,45.00,0.00,0.00
SAFI REGION,SAFR,MARRAKECH-SAFI,SOUIRA KEDIMA,48H,45.00,0.00,0.00
SAFI REGION,SAFR,MARRAKECH-SAFI,ZAOUIA BEN HMIDA,48H,45.00,0.00,0.00
SAFI REGION,SAFR,MARRAKECH-SAFI,ARBAA IDA OUGOURD,48H,45.00,0.00,0.00
SAFI REGION,SAFR,MARRAKECH-SAFI,MOULAY BOUZARQTOUNE,48H,45.00,0.00,0.00
SAFI REGION,SAFR,MARRAKECH-SAFI,AKERMOUD,48H,45.00,0.00,0.00
SAFI REGION,SAFR,MARRAKECH-SAFI,SIDI ISHAQ,48H,45.00,0.00,0.00
SAFI REGION,SAFR,MARRAKECH-SAFI,OUNAGHA,48H,45.00,0.00,0.00
SAFI REGION,SAFR,MARRAKECH-SAFI,SEBT GZOULA,48H,45.00,0.00,0.00
SAFI REGION,SAFR,MARRAKECH-SAFI,ESSAOUIRA,48H,45.00,0.00,0.00
SAFI REGION,SAFR,MARRAKECH-SAFI,BADOUZA,48H,45.00,0.00,0.00
BENI MELLAL,BENM,BENI MELLAL-KHENIFRA,BENI MELLAL,24H,35.00,0.00,0.00
BENI MELLAL REGION,BENMR,BENI MELLAL-KHENIFRA,FKIH BEN SALAH,48H-72H,40.00,0.00,0.00
BENI MELLAL REGION,BENMR,BENI MELLAL-KHENIFRA,HAD BRADIA,48H-72H,40.00,0.00,0.00
BENI MELLAL REGION,BENMR,BENI MELLAL-KHENIFRA,KASBA TADLA,48H-72H,40.00,0.00,0.00
BENI MELLAL REGION,BENMR,BENI MELLAL-KHENIFRA,SEBT OULAD NEMMA,48H-72H,40.00,0.00,0.00
BENI MELLAL REGION,BENMR,BENI MELLAL-KHENIFRA,AFOURER,48H-72H,40.00,0.00,0.00
BENI MELLAL REGION,BENMR,BENI MELLAL-KHENIFRA,OUZOUD,48H-72H,40.00,0.00,0.00
BENI MELLAL REGION,BENMR,BENI MELLAL-KHENIFRA,FERYATA,48H-72H,40.00,0.00,0.00
BENI MELLAL REGION,BENMR,BENI MELLAL-KHENIFRA,EL KSIBA,48H-72H,40.00,0.00,0.00
BENI MELLAL REGION,BENMR,BENI MELLAL-KHENIFRA,ZAOUIAT CHEIKH,48H-72H,40.00,0.00,0.00
BENI MELLAL REGION,BENMR,BENI MELLAL-KHENIFRA,BINE EL OUIDANE,48H-72H,40.00,0.00,0.00
BENI MELLAL REGION,BENMR,BENI MELLAL-KHENIFRA,OULAD AYAD,48H-72H,40.00,0.00,0.00
KHOURIBGA,KHO,BENI MELLAL-KHENIFRA,KHOURIBGA,24H,35.00,0.00,0.00
KHOURIBGA REGION,KHOR,BENI MELLAL-KHENIFRA,BEJAAD,48H,40.00,0.00,0.00
KHOURIBGA REGION,KHOR,BENI MELLAL-KHENIFRA,BOUJNIBA,48H,40.00,0.00,0.00
KHOURIBGA REGION,KHOR,BENI MELLAL-KHENIFRA,OUED ZEM,48H,40.00,0.00,0.00
KHOURIBGA REGION,KHOR,BENI MELLAL-KHENIFRA,AZILAL,48H,40.00,0.00,0.00
KHENIFRA,KHE,BENI MELLAL-KHENIFRA,KHENIFRA,48H-72H,35.00,0.00,0.00
KHENIFRA REGION,KHER,BENI MELLAL-KHENIFRA,MRIRT,48H-72H,40.00,0.00,0.00
KHENIFRA REGION,KHER,BENI MELLAL-KHENIFRA,AGUELMOUSS,48H-72H,40.00,0.00,0.00
KHENIFRA REGION,KHER,BENI MELLAL-KHENIFRA,KAHF NSOUR,48H-72H,40.00,0.00,0.00
KHENIFRA REGION,KHER,BENI MELLAL-KHENIFRA,AIT ISHAK,48H-72H,40.00,0.00,0.00
KHENIFRA REGION,KHER,BENI MELLAL-KHENIFRA,TIGHESSALINE,48H-72H,40.00,0.00,0.00
LAAYOUNE,LAA,LAAYOUN-DAKHLA,LAAYOUNE,48H-96H,45.00,0.00,0.00
LAAYOUNE REGION,LAAR,LAAYOUN-DAKHLA,FOUM EL OUED,48H-96H,45.00,0.00,0.00
LAAYOUNE REGION,LAAR,LAAYOUN-DAKHLA,BOUJDOUR,48H-96H,45.00,0.00,0.00
LAAYOUNE REGION,LAAR,LAAYOUN-DAKHLA,SMARA,48H-96H,45.00,0.00,0.00
LAAYOUNE REGION,LAAR,LAAYOUN-DAKHLA,TARFAYA,48H-96H,45.00,0.00,0.00
LAAYOUNE REGION,LAAR,LAAYOUN-DAKHLA,AOUSRED,48H-96H,45.00,0.00,0.00
LAAYOUNE REGION,LAAR,LAAYOUN-DAKHLA,DAKHLA,48H-96H,45.00,0.00,0.00
LAAYOUNE REGION,LAAR,LAAYOUN-DAKHLA,TAN TAN,48H-96H,45.00,0.00,0.00
OUARZAZATE,OUA,DARAA-TAFILELT,OUARZAZATE,24H,40.00,0.00,0.00
OUARZAZATE REGION,OUAR,DARAA-TAFILELT,BOUMALNE DADES,48H-72H,45.00,0.00,0.00
OUARZAZATE REGION,OUAR,DARAA-TAFILELT,TINGHIR,48H-72H,45.00,0.00,0.00
OUARZAZATE REGION,OUAR,DARAA-TAFILELT,AGDZ,48H-72H,45.00,0.00,0.00
OUARZAZATE REGION,OUAR,DARAA-TAFILELT,ZAGORA,48H-72H,45.00,0.00,0.00
OUARZAZATE REGION,OUAR,DARAA-TAFILELT,TAZNAKHT,48H-72H,45.00,0.00,0.00
OUARZAZATE REGION,OUAR,DARAA-TAFILELT,MHAMID GHIZLANE,48H-72H,45.00,0.00,0.00
OUARZAZATE REGION,OUAR,DARAA-TAFILELT,NKOB,48H-72H,45.00,0.00,0.00
OUARZAZATE REGION,OUAR,DARAA-TAFILELT,BOUDNIB,48H-72H,45.00,0.00,0.00
OUARZAZATE REGION,OUAR,DARAA-TAFILELT,ARFOUD,48H-72H,45.00,0.00,0.00
OUARZAZATE REGION,OUAR,DARAA-TAFILELT,MERZOUGA,48H-72H,45.00,0.00,0.00
OUARZAZATE REGION,OUAR,DARAA-TAFILELT,GOULMIMA,48H-72H,45.00,0.00,0.00
OUARZAZATE REGION,OUAR,DARAA-TAFILELT,ERRICH,48H-72H,45.00,0.00,0.00
OUARZAZATE REGION,OUAR,DARAA-TAFILELT,RISSANI,48H-72H,45.00,0.00,0.00
OUARZAZATE REGION,OUAR,DARAA-TAFILELT,ERRACHIDIA,48H-72H,45.00,0.00,0.00
OUARZAZATE REGION,OUAR,DARAA-TAFILELT,MISSOUR,48H-72H,45.00,0.00,0.00
OUARZAZATE REGION,OUAR,DARAA-TAFILELT,TOUNFITE,48H-72H,45.00,0.00,0.00
OUARZAZATE REGION,OUAR,DARAA-TAFILELT,OUTAT EL HAJ,48H-72H,45.00,0.00,0.00
OUARZAZATE REGION,OUAR,DARAA-TAFILELT,JORF,48H-72H,45.00,0.00,0.00
